ime,pozicija,starost,odigrane_tekme,prva_postava,igralni_cas,uspesni_meti,poskusi_metov,procent_metov,meti_za_tri,poskusi_za_tri,procent_za_tri,met_za_dve,poskus_za_dve,procent_za_dve
Alex Abrines,SG,24,75,8,15.1,1.5,3.9,.395,1.1,2.9,.380,0.4,0.9,.443
Quincy Acy,PF,27,70,8,19.4,1.9,5.2,.356,1.5,4.2,.349,0.4,1.0,.384
Steven Adams,C,24,76,76,32.7,5.9,9.4,.629,0.0,0.0,.000,5.9,9.3,.631
Bam Adebayo,C,20,69,19,19.8,2.5,4.9,.512,0.0,0.1,.000,2.5,4.8,.523
Arron Afflalo,SG,32,53,3,12.9,1.2,3.1,.401,0.5,1.3,.386,0.7,1.7,.413
Cole Aldrich,C,29,21,0,2.3,0.2,0.7,.333,0.0,0.0,,0.2,0.7,.333
LaMarcus Aldridge,C,32,75,75,33.5,9.2,18.0,.510,0.4,1.2,.293,8.8,16.7,.526
Jarrett Allen,C,19,72,31,20.0,3.3,5.5,.589,0.1,0.2,.333,3.2,5.3,.599
Kadeem Allen,PG,25,18,1,5.9,0.3,1.2,.273,0.0,0.6,.000,0.3,0.6,.545
Tony Allen,SF,36,22,0,12.4,2.0,4.1,.484,0.2,0.5,.333,1.8,3.6,.506
Al-Farouq Aminu,PF,27,69,67,30.0,3.3,8.4,.395,1.8,4.9,.369,1.5,3.5,.432
Justin Anderson,SF,24,38,0,13.7,2.3,5.3,.431,0.9,2.7,.330,1.4,2.6,.535
Kyle Anderson,SF,24,74,67,26.7,3.1,5.9,.527,0.3,0.8,.333,2.9,5.1,.556
Ryan Anderson,PF,29,66,50,26.1,3.1,7.3,.431,2.0,5.1,.386,1.2,2.1,.539
Ike Anigbogu,C,19,11,0,2.7,0.4,0.8,.444,0.0,0.0,,0.4,0.8,.444
Giannis Antetokounmpo,PF,23,75,75,36.7,9.9,18.7,.529,0.6,1.9,.307,9.3,16.8,.554
Carmelo Anthony,PF,33,78,78,32.1,6.1,15.0,.404,2.2,6.1,.357,3.9,8.9,.437
OG Anunoby,SF,20,74,62,20.0,2.2,4.7,.471,1.0,2.7,.371,1.2,2.0,.604
Ryan Arcidiacono,PG,23,24,0,12.7,0.7,1.7,.415,0.4,1.3,.290,0.3,0.4,.800
Trevor Ariza,SF,32,67,67,33.9,4.0,9.7,.412,2.5,6.9,.368,1.5,2.8,.519
Darrell Arthur,PF,29,19,1,7.4,1.2,2.5,.468,0.4,1.2,.348,0.7,1.3,.583
Jamel Artis,SG,25,15,1,18.6,2.1,5.3,.392,0.5,1.9,.276,1.5,3.3,.460
Omer Asik,C,31,18,0,10.1,0.5,1.2,.409,0.0,0.0,,0.5,1.2,.409
D.J. Augustin,PG,30,75,36,23.5,3.3,7.2,.452,1.5,3.6,.419,1.7,3.6,.485
Luke Babbitt,SF,28,50,14,14.3,1.8,4.3,.423,1.2,3.1,.385,0.6,1.2,.525
Dwayne Bacon,SG,22,53,6,13.5,1.4,3.6,.375,0.2,0.8,.256,1.2,2.8,.409
Ron Baker,SG,24,29,1,13.3,0.7,2.0,.339,0.4,1.1,.333,0.3,0.9,.346
Wade Baldwin,PG,21,7,0,11.4,2.0,3.0,.667,0.6,0.7,.800,1.4,2.3,.625
Lonzo Ball,PG,20,52,50,34.2,3.9,10.8,.360,1.7,5.7,.305,2.2,5.2,.420
J.J. Barea,PG,33,69,10,23.2,4.4,10.0,.439,1.7,4.5,.367,2.7,5.5,.499
Harrison Barnes,PF,25,77,77,34.2,7.0,15.7,.445,1.5,4.3,.357,5.4,11.4,.478
Will Barton,SG,27,81,40,33.1,5.7,12.7,.452,1.9,5.2,.370,3.8,7.5,.510
Nicolas Batum,SG,29,64,64,31.0,4.2,10.2,.415,1.4,4.3,.336,2.8,5.9,.473
Jerryd Bayless,SG,29,39,11,23.7,2.8,6.7,.416,1.4,3.7,.370,1.4,3.0,.474
Aron Baynes,C,31,81,67,18.3,2.6,5.5,.471,0.0,0.3,.143,2.6,5.2,.487
Kent Bazemore,SG,28,65,65,27.5,4.4,10.4,.420,1.7,4.2,.394,2.7,6.2,.438
Bradley Beal,SG,24,82,82,36.3,8.3,18.1,.460,2.4,6.5,.375,5.9,11.6,.507
Malik Beasley,SG,21,62,0,9.4,1.2,2.9,.410,0.5,1.3,.341,0.7,1.5,.469
Michael Beasley,PF,29,74,30,22.3,5.5,10.9,.507,0.5,1.2,.395,5.1,9.7,.520
Marco Belinelli,SG,31,80,2,24.3,4.2,9.6,.441,1.9,4.9,.377,2.4,4.6,.509
Jordan Bell,C,23,57,13,14.2,2.0,3.2,.627,0.0,0.1,.000,2.0,3.2,.641
DeAndre' Bembry,SF,23,26,3,17.5,2.0,4.9,.414,0.4,1.2,.367,1.6,3.8,.429
Dragan Bender,PF,20,82,37,25.2,2.3,5.9,.386,1.4,3.9,.366,0.8,2.0,.426
Davis Bertans,PF,25,77,10,14.1,2.1,4.8,.440,1.2,3.3,.373,0.9,1.5,.588
Patrick Beverley,SG,29,11,11,30.4,4.4,10.8,.403,2.2,5.5,.400,2.2,5.4,.407
Khem Birch,C,25,42,0,13.8,1.6,3.0,.540,0.0,0.0,,1.6,3.0,.540
Jabari Bird,SG,23,13,1,8.8,1.2,2.0,.577,0.2,0.5,.429,0.9,1.5,.632
Bismack Biyombo,C,25,82,25,18.2,2.2,4.3,.520,0.0,0.0,.000,2.2,4.3,.521
Nemanja Bjelica,PF,29,67,21,20.5,2.6,5.5,.461,1.1,2.7,.415,1.4,2.8,.505
Tarik Black,C,26,51,2,10.5,1.5,2.5,.591,0.0,0.2,.091,1.5,2.3,.638
Antonio Blakeney,SG,21,19,0,16.5,2.8,7.5,.371,0.8,2.7,.288,2.0,4.8,.418
Eric Bledsoe,PG,28,74,74,31.4,6.3,13.4,.473,1.7,4.9,.347,4.6,8.5,.545
Vander Blue,SG,25,5,0,9.0,0.2,1.0,.200,0.0,0.4,.000,0.2,0.6,.333
Bogdan Bogdanovic,SG,25,78,53,27.9,4.4,9.9,.446,1.7,4.2,.392,2.8,5.7,.485
Bojan Bogdanovic,SF,28,80,80,30.8,5.1,10.7,.474,1.9,4.8,.402,3.1,5.8,.534
Andrew Bogut,C,33,23,5,9.4,0.7,1.1,.680,0.0,0.0,,0.7,1.1,.680
Joel Bolomboy,PF,24,6,0,6.3,0.5,1.0,.500,0.0,0.2,.000,0.5,0.8,.600
Devin Booker,SG,21,54,54,34.5,8.4,19.5,.432,2.7,7.1,.383,5.7,12.4,.460
Trevor Booker,PF,30,68,7,17.0,2.6,5.0,.516,0.1,0.5,.242,2.5,4.6,.545
Chris Boucher,PF,25,1,0,1.0,0.0,1.0,.000,0.0,1.0,.000,0.0,0.0,
Avery Bradley,SG,27,46,46,31.2,5.6,13.6,.414,1.6,4.4,.369,4.0,9.2,.436
Tony Bradley,C,20,9,0,3.2,0.3,1.2,.273,0.0,0.1,.000,0.3,1.1,.300
Corey Brewer,SF,31,72,18,16.8,2.0,4.4,.449,0.4,1.5,.282,1.5,2.9,.539
Malcolm Brogdon,PG,25,48,20,29.9,5.1,10.5,.485,1.3,3.4,.385,3.8,7.1,.532
Aaron Brooks,PG,33,32,1,5.9,0.9,2.2,.406,0.3,1.0,.355,0.5,1.2,.447
Dillon Brooks,SF,22,82,74,28.7,4.1,9.4,.440,1.1,3.2,.356,3.0,6.2,.484
MarShon Brooks,SG,29,7,1,27.6,7.3,14.6,.500,2.7,4.6,.594,4.6,10.0,.457
Anthony Brown,SF,25,1,0,4.0,1.0,1.0,1.000,1.0,1.0,1.000,0.0,0.0,
Bobby Brown,PG,33,20,0,5.8,1.0,2.9,.328,0.6,2.0,.275,0.4,0.9,.444
Jaylen Brown,SG,21,70,70,30.7,5.3,11.5,.465,1.7,4.4,.395,3.6,7.1,.507
Lorenzo Brown,PG,27,14,0,9.9,1.0,2.4,.412,0.1,0.9,.167,0.9,1.6,.545
Markel Brown,SG,26,4,0,7.8,0.5,1.8,.286,0.3,1.3,.200,0.3,0.5,.500
Sterling Brown,SG,22,54,4,14.4,1.5,3.8,.400,0.6,1.7,.352,0.9,2.1,.439
Nicolas Brussino,SF,24,4,0,2.5,0.0,0.5,.000,0.0,0.5,.000,0.0,0.0,
Thomas Bryant,C,20,15,0,4.8,0.5,1.4,.381,0.1,0.7,.100,0.5,0.7,.636
Reggie Bullock,SF,26,62,52,27.9,4.3,8.8,.489,2.0,4.5,.445,2.3,4.3,.536
Trey Burke,PG,25,36,9,21.8,5.4,10.7,.503,1.1,2.9,.362,4.3,7.8,.556
Alec Burks,SG,26,64,1,16.5,2.7,6.5,.411,0.7,2.2,.331,1.9,4.3,.452
Jimmy Butler,SG,28,59,59,36.7,7.4,15.6,.474,1.2,3.4,.350,6.2,12.2,.509
Dwight Buycks,PG,28,29,0,14.7,2.8,6.8,.414,0.5,1.6,.333,2.3,5.3,.438
Bruno Caboclo,SF,22,12,0,8.9,0.8,2.6,.290,0.3,1.4,.176,0.5,1.2,.429
Jose Calderon,PG,36,57,32,16.0,1.6,3.2,.503,0.8,1.7,.464,0.8,1.5,.545
Kentavious Caldwell-Pope,SG,24,74,74,33.2,4.6,10.8,.426,2.1,5.6,.383,2.4,5.2,.473
Isaiah Canaan,PG,26,20,1,21.1,2.6,6.9,.380,1.1,3.3,.333,1.5,3.6,.423
Clint Capela,C,23,74,74,27.5,6.0,9.1,.652,0.0,0.0,.000,6.0,9.1,.653
DeMarre Carroll,SF,31,73,73,29.9,4.5,10.8,.414,2.0,5.4,.371,2.5,5.4,.457
Vince Carter,SF,41,58,5,17.7,2.0,4.9,.403,1.0,2.8,.345,1.0,2.0,.483
Michael Carter-Williams,PG,26,52,2,16.1,1.5,4.4,.332,0.3,1.1,.237,1.2,3.3,.365
Alex Caruso,PG,23,37,7,15.2,1.4,3.1,.431,0.4,1.2,.302,1.0,2.0,.507
Omri Casspi,SF,29,53,7,14.0,2.3,3.9,.580,0.2,0.4,.455,2.1,3.5,.595
Willie Cauley-Stein,C,24,73,58,28.0,5.3,10.6,.502,0.0,0.2,.250,5.3,10.4,.506
Tyler Cavanaugh,PF,23,39,1,13.3,1.7,3.9,.441,0.8,2.3,.360,0.9,1.6,.556
Mario Chalmers,PG,31,66,10,21.5,2.5,6.7,.379,0.8,2.9,.277,1.7,3.8,.456
Tyson Chandler,C,35,46,46,25.0,2.6,4.1,.647,0.0,0.0,,2.6,4.1,.647
Wilson Chandler,SF,30,74,71,31.7,3.8,8.5,.445,1.2,3.3,.358,2.6,5.2,.501
Marquese Chriss,PF,20,72,49,21.2,2.8,6.6,.423,0.8,2.6,.295,2.0,4.0,.509
Ian Clark,SG,26,74,2,19.7,3.0,6.7,.448,0.8,2.6,.318,2.2,4.1,.533
Jordan Clarkson,SG,25,81,2,23.3,5.3,11.8,.451,1.4,3.9,.352,3.9,7.9,.500
Gian Clavell,SG,24,7,0,9.1,0.9,2.6,.333,0.9,2.1,.400,0.0,0.4,.000
Antonius Cleveland,SG,23,17,0,7.2,0.5,1.2,.381,0.2,0.2,.750,0.3,1.0,.294
John Collins,PF,20,74,26,24.1,4.2,7.4,.576,0.2,0.6,.340,4.0,6.7,.598
Zach Collins,C,20,66,1,15.8,1.7,4.4,.398,0.5,1.7,.310,1.2,2.7,.455
Kyle Collinsworth,SF,26,32,2,15.0,1.2,3.1,.384,0.1,0.5,.235,1.1,2.6,.415
Darren Collison,PG,30,69,64,29.2,4.6,9.2,.495,1.4,3.0,.468,3.2,6.3,.508
Nick Collison,PF,37,15,0,5.0,0.9,1.3,.684,0.0,0.0,,0.9,1.3,.684
Mike Conley,PG,30,12,12,31.1,5.3,14.0,.381,2.0,6.4,.312,3.3,7.6,.440
Pat Connaughton,SG,25,82,5,18.1,2.0,4.8,.423,0.9,2.6,.352,1.1,2.2,.506
Quinn Cook,PG,24,33,18,22.4,3.7,7.6,.484,1.4,3.2,.442,2.3,4.5,.514
Charles Cooke,SG,23,13,0,2.9,0.2,1.1,.143,0.1,0.6,.125,0.1,0.5,.167
Jack Cooley,PF,26,7,0,12.4,1.9,3.9,.481,0.0,0.0,,1.9,3.9,.481
Matt Costello,C,24,4,0,8.0,0.5,1.0,.500,0.0,0.0,,0.5,1.0,.500
DeMarcus Cousins,C,27,48,48,36.2,8.5,18.0,.470,2.2,6.1,.354,6.3,11.9,.530
Robert Covington,SF,27,80,80,31.7,4.3,10.5,.413,2.5,6.9,.369,1.8,3.6,.497
Allen Crabbe,SG,25,75,68,29.3,4.5,11.0,.407,2.7,7.1,.378,1.8,3.9,.461
Torrey Craig,SF,27,39,5,16.1,1.6,3.5,.453,0.4,1.5,.293,1.2,2.0,.570
Jamal Crawford,SG,37,80,0,20.7,3.9,9.3,.415,1.3,3.9,.331,2.6,5.4,.477
Jordan Crawford,SG,29,5,0,10.6,2.4,5.4,.444,1.6,2.8,.571,0.8,2.6,.308
Jae Crowder,SF,27,80,47,26.1,3.4,8.4,.404,1.4,4.3,.323,2.0,4.1,.488
Dante Cunningham,SF,30,73,25,21.4,2.2,5.0,.451,0.8,2.3,.345,1.5,2.7,.541
Stephen Curry,PG,29,51,51,32.0,8.4,16.9,.495,4.2,9.8,.423,4.2,7.1,.595
Troy Daniels,SG,26,79,15,20.5,2.9,7.3,.403,2.3,5.8,.400,0.6,1.5,.419
Anthony Davis,PF,24,75,75,36.4,10.4,19.5,.534,0.7,2.2,.340,9.7,17.3,.558
Deyonta Davis,C,21,62,6,15.2,2.6,4.3,.608,0.0,0.0,,2.6,4.3,.608
Ed Davis,C,28,78,0,18.9,2.2,3.7,.582,0.0,0.0,.000,2.2,3.7,.584
Dewayne Dedmon,C,28,62,46,24.9,4.0,7.7,.524,0.8,2.3,.355,3.2,5.4,.595
Sam Dekker,PF,23,73,1,12.1,1.8,3.5,.494,0.1,0.8,.167,1.6,2.7,.593
Malcolm Delaney,PG,28,54,3,18.8,2.0,5.3,.382,0.9,2.3,.371,1.2,3.0,.391
Matthew Dellavedova,PG,27,38,3,18.7,1.4,4.0,.362,0.8,2.1,.372,0.7,1.9,.351
Luol Deng,SF,32,1,1,13.0,1.0,2.0,.500,0.0,0.0,,1.0,2.0,.500
DeMar DeRozan,SG,28,80,80,33.9,8.1,17.7,.456,1.1,3.6,.310,7.0,14.1,.494
Cheick Diallo,PF,21,52,0,11.2,2.0,3.4,.580,0.0,0.0,,2.0,3.4,.580
Gorgui Dieng,C,28,79,0,16.9,2.4,4.9,.479,0.2,0.8,.311,2.1,4.1,.511
Spencer Dinwiddie,PG,24,80,58,28.8,4.1,10.5,.387,1.8,5.4,.326,2.3,5.1,.452
Tyler Dorsey,SG,21,56,5,17.4,2.6,6.8,.377,1.3,3.6,.362,1.3,3.3,.393
Damyean Dotson,SG,23,44,2,10.8,1.6,3.7,.447,0.5,1.5,.324,1.1,2.1,.538
Milton Doyle,SG,24,10,0,12.5,1.3,4.7,.277,0.4,2.3,.174,0.9,2.4,.375
PJ Dozier,PG,21,2,0,1.5,0.5,1.0,.500,0.0,0.0,,0.5,1.0,.500
Goran Dragic,PG,31,75,75,31.7,6.5,14.3,.450,1.5,4.0,.370,5.0,10.3,.481
Larry Drew,PG,27,10,0,7.0,0.7,2.4,.292,0.3,0.9,.333,0.4,1.5,.267
Andre Drummond,C,24,78,78,33.7,6.0,11.3,.529,0.0,0.1,.000,6.0,11.2,.536
Jared Dudley,PF,32,48,0,14.3,1.0,2.5,.393,0.6,1.7,.363,0.4,0.9,.452
Kris Dunn,PG,23,52,43,29.3,5.5,12.8,.429,0.8,2.6,.321,4.7,10.2,.457
Kevin Durant,PF,29,68,68,34.2,9.3,18.0,.516,2.5,6.1,.419,6.7,11.9,.565
Jarell Eddie,SF,26,3,0,3.0,0.0,0.7,.000,0.0,0.7,.000,0.0,0.0,
Henry Ellenson,PF,21,38,0,8.7,1.4,3.8,.363,0.5,1.6,.333,0.9,2.3,.384
Wayne Ellington,SG,30,77,2,26.5,3.7,9.1,.407,2.9,7.5,.392,0.8,1.6,.479
Joel Embiid,C,23,63,63,30.3,8.1,16.8,.483,1.0,3.4,.308,7.0,13.4,.527
James Ennis,SF,27,72,22,22.3,2.5,5.3,.474,0.7,2.1,.333,1.8,3.2,.567
Tyler Ennis,PG,23,54,11,12.6,1.7,4.1,.420,0.3,1.0,.250,1.5,3.1,.476
Jawun Evans,PG,21,48,4,16.2,1.9,5.3,.352,0.3,1.1,.278,1.5,4.1,.372
Jeremy Evans,SF,30,1,0,5.0,1.0,1.0,1.000,0.0,0.0,,1.0,1.0,1.000
Tyreke Evans,PG,28,52,32,30.9,7.0,15.6,.452,2.2,5.5,.399,4.8,10.1,.482
Dante Exum,PG,22,14,0,16.8,3.0,6.2,.483,0.4,1.3,.278,2.6,4.9,.536
Kenneth Faried,PF,28,32,7,14.4,2.4,4.6,.514,0.0,0.0,.000,2.4,4.6,.517
Derrick Favors,C,26,77,77,28.0,5.1,9.1,.563,0.2,0.8,.222,4.9,8.3,.596
Kay Felder,PG,22,16,0,8.8,1.3,4.4,.300,0.3,1.2,.211,1.1,3.2,.333
Cristiano Felicio,C,25,55,16,17.8,2.3,3.9,.591,0.0,0.0,.000,2.3,3.9,.596
Raymond Felton,PG,33,82,2,16.6,2.7,6.7,.406,1.0,2.8,.352,1.7,3.9,.444
Terrance Ferguson,SG,19,61,12,12.5,1.1,2.8,.414,0.7,2.0,.333,0.5,0.8,.612
Yogi Ferrell,SG,24,82,21,27.8,3.8,8.9,.426,1.6,4.4,.373,2.2,4.5,.477
Dorian Finney-Smith,PF,24,21,13,21.3,2.2,5.8,.380,1.0,3.2,.299,1.2,2.6,.481
Bryn Forbes,SG,24,80,12,19.0,2.6,6.2,.421,1.1,2.9,.390,1.5,3.4,.446
Evan Fournier,SF,25,57,57,32.2,6.5,14.1,.459,2.2,5.9,.379,4.2,8.2,.516
De'Aaron Fox,PG,20,73,60,27.8,4.5,10.9,.412,0.6,2.1,.307,3.8,8.8,.436
Tim Frazier,PG,27,59,11,14.2,1.2,2.9,.395,0.3,0.9,.304,0.9,2.0,.440
Channing Frye,C,34,53,1,13.1,2.0,4.0,.491,0.7,2.2,.339,1.2,1.8,.670
Markelle Fultz,SG,19,14,0,18.1,3.2,7.9,.405,0.0,0.1,.000,3.2,7.9,.409
Danilo Gallinari,SF,29,21,21,32.0,4.9,12.2,.398,1.7,5.3,.324,3.1,6.9,.455
Langston Galloway,SG,26,58,2,14.9,2.2,5.9,.371,1.3,3.8,.344,0.9,2.1,.418
Marc Gasol,C,33,73,73,33.0,5.9,14.2,.420,1.5,4.4,.341,4.5,9.8,.456
Pau Gasol,C,37,77,63,23.5,3.7,8.1,.458,0.6,1.6,.358,3.2,6.6,.481
Rudy Gay,PF,31,57,6,21.6,4.4,9.4,.471,0.6,2.1,.314,3.8,7.4,.516
Paul George,SF,27,79,79,36.6,7.3,17.0,.430,3.1,7.7,.401,4.2,9.3,.454
Marcus Georges-Hunt,SG,23,42,0,5.3,0.5,1.1,.438,0.1,0.4,.267,0.4,0.8,.515
Jonathan Gibson,PG,30,4,0,10.0,3.5,5.8,.609,1.5,3.0,.500,2.0,2.8,.727
Taj Gibson,PF,32,82,82,33.2,5.2,9.0,.577,0.1,0.4,.200,5.1,8.6,.595
Manu Ginobili,SG,40,65,0,20.0,3.1,7.1,.434,1.0,3.0,.333,2.1,4.2,.506
Rudy Gobert,C,25,56,56,32.4,4.9,7.9,.622,0.0,0.0,,4.9,7.9,.622
Aaron Gordon,PF,22,58,57,32.9,6.5,14.9,.434,2.0,5.9,.336,4.5,9.0,.497
Eric Gordon,SG,29,69,30,31.2,6.0,14.1,.428,3.2,8.8,.359,2.9,5.2,.544
Marcin Gortat,C,33,82,82,25.3,3.5,6.8,.518,0.0,0.0,,3.5,6.8,.518
Treveon Graham,SG,24,63,2,16.7,1.5,3.5,.434,0.6,1.5,.412,0.9,2.0,.452
Jerami Grant,PF,23,81,1,20.3,3.0,5.6,.535,0.4,1.4,.291,2.6,4.3,.613
Jerian Grant,PG,25,74,26,22.8,2.8,6.8,.416,0.8,2.5,.326,2.0,4.3,.468
Josh Gray,PG,24,5,0,17.2,2.2,8.2,.268,0.6,2.6,.231,1.6,5.6,.286
Danny Green,SG,30,70,60,25.6,3.1,8.0,.387,1.7,4.6,.363,1.4,3.4,.419
Draymond Green,PF,27,70,70,32.7,4.0,8.8,.454,1.1,3.7,.301,2.9,5.2,.562
Gerald Green,SG,32,41,2,22.7,4.1,10.1,.407,2.7,7.3,.369,1.4,2.8,.504
JaMychal Green,PF,27,55,54,28.0,4.1,8.9,.457,0.8,2.3,.339,3.3,6.6,.499
Jeff Green,PF,31,78,13,23.4,3.8,7.9,.477,0.7,2.2,.312,3.1,5.7,.540
Blake Griffin,PF,28,58,58,34.0,7.5,17.2,.438,1.9,5.6,.345,5.6,11.6,.482
Daniel Hamilton,SG,22,6,0,4.7,0.8,1.8,.455,0.3,0.8,.400,0.5,1.0,.500
Tim Hardaway,SG,25,57,54,33.1,6.3,15.0,.421,2.3,7.2,.317,4.0,7.8,.516
James Harden,SG,28,72,72,35.4,9.0,20.1,.449,3.7,10.0,.367,5.4,10.1,.531
Maurice Harkless,SF,24,59,36,21.4,2.5,5.0,.495,0.8,2.0,.415,1.7,3.0,.547
Montrezl Harrell,C,24,76,3,17.0,4.6,7.2,.635,0.0,0.1,.143,4.6,7.1,.641
Devin Harris,PG,34,71,1,18.9,2.6,6.4,.412,1.1,3.2,.348,1.5,3.2,.476
Gary Harris,SG,23,67,65,34.4,6.6,13.6,.485,2.3,5.9,.396,4.2,7.7,.553
Joe Harris,SG,26,78,14,25.3,3.9,8.0,.491,1.9,4.6,.419,2.0,3.4,.589
Tobias Harris,PF,25,80,80,33.4,7.0,15.3,.460,2.3,5.6,.411,4.7,9.7,.488
Aaron Harrison,SG,23,9,3,25.9,2.1,7.7,.275,1.0,4.8,.209,1.1,2.9,.385
Andrew Harrison,PG,23,56,46,23.7,3.2,7.7,.422,0.8,2.5,.331,2.4,5.1,.467
Shaquille Harrison,PG,24,23,2,16.7,2.6,5.4,.476,0.3,1.1,.231,2.3,4.3,.541
Josh Hart,SG,22,63,23,23.2,2.8,6.0,.469,1.2,3.1,.396,1.6,2.8,.551
Udonis Haslem,C,37,14,0,5.1,0.2,1.1,.200,0.1,0.6,.125,0.1,0.5,.286
Nigel Hayes,SF,23,9,0,13.6,1.2,3.7,.333,0.4,1.8,.250,0.8,1.9,.412
Gordon Hayward,SF,27,1,1,5.0,1.0,2.0,.500,0.0,1.0,.000,1.0,1.0,1.000
Reggie Hearn,SG,26,3,0,2.3,0.3,0.7,.500,0.3,0.7,.500,0.0,0.0,
Myke Henry,SF,25,20,0,18.9,2.1,5.5,.376,1.0,2.9,.328,1.1,2.6,.431
John Henson,C,27,76,69,25.9,3.8,6.6,.572,0.0,0.1,.143,3.8,6.5,.578
Juan Hernangomez,PF,22,25,3,11.1,1.2,3.0,.387,0.6,2.0,.280,0.6,1.0,.600
Willy Hernangomez,C,23,48,1,10.3,1.9,3.4,.555,0.1,0.3,.417,1.8,3.2,.566
Mario Hezonja,SF,22,75,30,22.1,3.6,8.2,.442,1.2,3.6,.337,2.4,4.7,.523
Isaiah Hicks,PF,23,18,0,13.3,1.8,4.0,.458,0.1,0.5,.222,1.7,3.5,.492
Buddy Hield,SG,24,80,12,25.3,5.2,11.7,.446,2.2,5.1,.431,3.0,6.6,.457
Nene Hilario,C,35,52,4,14.6,2.6,4.6,.569,0.0,0.0,.000,2.6,4.6,.574
George Hill,PG,31,67,60,27.0,3.5,7.7,.460,1.3,3.1,.415,2.3,4.6,.490
Solomon Hill,SF,26,12,1,15.6,0.9,3.4,.268,0.3,1.8,.190,0.6,1.7,.350
Darrun Hilliard,SG,24,14,0,6.8,0.4,1.4,.263,0.0,0.4,.000,0.4,0.9,.385
Jrue Holiday,SG,27,81,81,36.1,7.6,15.4,.494,1.5,4.4,.337,6.1,11.0,.557
Justin Holiday,SG,28,72,72,31.5,4.0,10.9,.371,2.2,6.2,.359,1.8,4.6,.387
John Holland,SF,29,24,0,7.3,0.7,2.5,.288,0.5,1.5,.306,0.3,1.0,.261
Rondae Hollis-Jefferson,SF,23,68,59,28.2,5.0,10.6,.472,0.2,0.8,.241,4.8,9.9,.491
Richaun Holmes,C,24,48,2,15.5,2.8,5.0,.560,0.1,0.6,.129,2.7,4.4,.624
Rodney Hood,SG,25,60,23,26.9,5.4,12.5,.429,2.1,5.6,.381,3.3,7.0,.467
Scotty Hopson,SG,28,1,0,8.0,0.0,1.0,.000,0.0,0.0,,0.0,1.0,.000
Al Horford,C,31,72,72,31.6,5.1,10.5,.489,1.3,3.1,.429,3.8,7.3,.514
Danuel House,SG,24,23,3,17.5,2.4,5.6,.434,0.7,2.5,.259,1.8,3.1,.577
Dwight Howard,C,32,81,81,30.4,6.2,11.2,.555,0.0,0.1,.143,6.2,11.2,.559
Josh Huestis,PF,26,69,10,14.2,0.9,2.6,.330,0.5,1.7,.287,0.4,1.0,.403
R.J. Hunter,SG,24,5,1,9.0,1.4,4.0,.350,0.6,2.8,.214,0.8,1.2,.667
Vince Hunter,PF,23,4,0,1.8,0.8,1.3,.600,0.0,0.0,,0.8,1.3,.600
Serge Ibaka,PF,28,76,76,27.5,5.0,10.3,.483,1.4,3.9,.360,3.6,6.4,.559
Andre Iguodala,SF,34,64,7,25.3,2.3,5.0,.463,0.5,1.8,.282,1.8,3.2,.567
Ersan Ilyasova,PF,30,69,43,25.1,4.0,8.9,.452,1.3,3.7,.360,2.7,5.2,.517
Joe Ingles,SF,30,82,81,31.4,4.1,8.8,.467,2.5,5.7,.440,1.6,3.1,.516
Andre Ingram,SG,32,2,0,32.0,4.0,8.5,.471,2.5,4.5,.556,1.5,4.0,.375
Brandon Ingram,SF,20,59,59,33.5,6.1,12.9,.470,0.7,1.8,.390,5.4,11.1,.483
Kyrie Irving,PG,25,60,60,32.2,8.9,18.1,.491,2.8,6.8,.408,6.1,11.3,.541
Jonathan Isaac,PF,20,27,10,19.9,2.0,5.4,.379,0.6,1.7,.348,1.4,3.7,.394
Wesley Iwundu,SF,23,62,12,16.5,1.5,3.5,.427,0.1,0.7,.196,1.4,2.8,.488
Jarrett Jack,PG,34,62,56,25.0,3.0,7.1,.427,0.4,1.4,.291,2.6,5.8,.459
Aaron Jackson,PG,31,1,0,35.0,3.0,9.0,.333,1.0,4.0,.250,2.0,5.0,.400
Demetrius Jackson,PG,23,15,0,5.3,0.5,1.2,.389,0.1,0.5,.143,0.4,0.7,.545
Josh Jackson,SF,20,77,35,25.4,5.1,12.1,.417,0.7,2.8,.263,4.3,9.3,.464
Justin Jackson,SF,22,68,41,22.1,2.7,6.2,.442,0.8,2.7,.308,1.9,3.4,.547
Reggie Jackson,PG,27,45,45,26.7,5.5,12.8,.426,1.2,3.8,.308,4.3,9.1,.475
LeBron James,PF,33,82,82,36.9,10.5,19.3,.542,1.8,5.0,.367,8.6,14.3,.603
Mike James,PG,27,36,10,19.1,3.4,8.9,.383,0.7,2.7,.265,2.7,6.2,.435
Al Jefferson,C,33,36,1,13.4,3.1,5.8,.534,0.0,0.1,.000,3.1,5.7,.541
Richard Jefferson,SF,37,20,0,8.2,0.6,1.4,.444,0.1,0.4,.286,0.5,1.0,.500
Brandon Jennings,PG,28,14,0,14.6,1.9,5.1,.375,0.6,2.4,.273,1.3,2.8,.462
Jonas Jerebko,PF,30,74,19,15.3,2.1,4.6,.466,0.9,2.1,.414,1.3,2.5,.511
Amir Johnson,C,30,74,18,15.8,1.9,3.5,.538,0.1,0.4,.313,1.8,3.1,.570
Brice Johnson,PF,23,18,0,5.4,1.1,2.3,.476,0.0,0.1,.000,1.1,2.3,.488
Dakari Johnson,C,22,31,6,5.2,0.7,1.3,.564,0.0,0.0,,0.7,1.3,.564
James Johnson,PF,30,73,41,26.6,4.2,8.4,.503,0.8,2.5,.308,3.5,5.9,.587
Joe Johnson,SF,36,55,4,21.9,2.7,6.5,.406,0.7,2.6,.276,1.9,3.9,.493
Omari Johnson,PF,28,4,0,18.8,2.3,5.3,.429,1.0,3.0,.333,1.3,2.3,.556
Stanley Johnson,SF,21,69,50,27.4,3.0,8.1,.375,1.0,3.4,.286,2.1,4.7,.439
Tyler Johnson,PG,25,72,39,28.5,4.3,9.9,.435,1.7,4.5,.367,2.6,5.4,.491
Wesley Johnson,SF,30,74,40,20.1,2.0,5.0,.408,0.8,2.4,.339,1.2,2.6,.471
Nikola Jokic,C,22,75,73,32.6,6.7,13.5,.499,1.5,3.7,.396,5.2,9.7,.538
Damian Jones,C,22,15,0,5.9,0.7,1.5,.500,0.0,0.0,,0.7,1.5,.500
Derrick Jones,SF,20,20,8,12.3,1.1,2.7,.396,0.2,0.9,.167,0.9,1.8,.514
Jalen Jones,SF,24,16,0,11.3,1.6,4.3,.382,0.6,1.6,.385,1.0,2.6,.381
Tyus Jones,PG,21,82,11,17.9,1.8,4.0,.457,0.5,1.6,.349,1.3,2.4,.528
DeAndre Jordan,C,29,77,77,31.5,4.8,7.5,.645,0.0,0.0,,4.8,7.5,.645
Cory Joseph,PG,26,82,17,27.0,3.1,7.4,.424,0.8,2.3,.353,2.3,5.0,.457
Frank Kaminsky,PF,24,79,4,23.2,3.9,9.1,.429,1.3,3.5,.380,2.6,5.6,.459
Enes Kanter,C,25,71,71,25.8,5.9,10.0,.592,0.0,0.0,.000,5.9,10.0,.594
Luke Kennard,SG,21,73,9,20.0,2.8,6.4,.443,1.1,2.7,.415,1.7,3.7,.463
Michael Kidd-Gilchrist,SF,24,74,74,25.0,3.8,7.6,.504,0.0,0.0,.000,3.8,7.5,.505
Sean Kilpatrick,SG,28,52,1,12.3,2.1,5.7,.374,0.9,2.8,.319,1.2,2.9,.427
Maxi Kleber,PF,26,72,36,16.8,2.1,4.3,.489,0.6,1.8,.313,1.5,2.5,.613
Furkan Korkmaz,SG,20,14,0,5.7,0.6,2.0,.286,0.4,1.2,.294,0.2,0.8,.273
Luke Kornet,PF,22,20,1,16.3,2.5,6.3,.392,1.4,4.0,.354,1.1,2.3,.457
Kyle Korver,SG,36,73,4,21.6,3.0,6.6,.459,2.2,5.2,.436,0.8,1.5,.537
Kosta Koufos,C,28,71,13,19.6,3.1,5.5,.571,0.0,0.0,,3.1,5.5,.571
Kyle Kuzma,PF,22,77,37,31.2,6.1,13.5,.450,2.1,5.6,.366,4.0,7.9,.511
Mindaugas Kuzminskas,SF,28,1,0,2.0,0.0,2.0,.000,0.0,0.0,,0.0,2.0,.000
Skal Labissiere,PF,21,60,28,20.7,3.4,7.6,.448,0.3,0.9,.353,3.1,6.8,.459
Jeremy Lamb,SG,25,80,18,24.6,4.8,10.4,.457,1.2,3.2,.370,3.6,7.2,.495
Shane Larkin,PG,25,54,2,14.4,1.6,4.1,.384,0.6,1.6,.360,1.0,2.5,.398
Joffrey Lauvergne,C,26,55,1,9.7,1.8,3.5,.516,0.0,0.1,.000,1.8,3.4,.530
Zach LaVine,SG,22,24,24,27.3,5.7,14.8,.383,1.8,5.1,.341,3.9,9.7,.405
Jake Layman,SF,23,35,1,4.6,0.4,1.3,.298,0.1,0.6,.200,0.3,0.8,.370
T.J. Leaf,PF,20,53,0,8.7,1.2,2.6,.471,0.3,0.8,.429,0.9,1.8,.489
Courtney Lee,SG,32,76,69,30.4,4.5,9.9,.454,1.5,3.7,.406,3.0,6.3,.482
Damion Lee,SG,25,15,11,26.9,4.1,10.1,.408,1.0,4.0,.250,3.1,6.1,.511
"Walt Lemon, Jr.",PG,25,5,0,7.0,1.4,3.2,.438,0.2,0.2,1.000,1.2,3.0,.400
Alex Len,C,24,69,13,20.2,3.1,5.5,.566,0.0,0.0,.333,3.1,5.4,.568
Kawhi Leonard,SF,26,9,9,23.3,5.8,12.3,.468,1.2,3.9,.314,4.6,8.4,.539
Meyers Leonard,C,25,33,2,7.7,1.4,2.4,.590,0.3,0.8,.423,1.1,1.6,.673
Jon Leuer,PF,28,8,0,17.0,1.9,4.5,.417,0.0,0.4,.000,1.9,4.1,.455
Caris LeVert,SF,23,71,10,26.3,4.5,10.4,.435,1.2,3.5,.347,3.3,6.9,.480
DeAndre Liggins,SG,29,58,4,12.5,0.7,1.8,.377,0.3,0.9,.358,0.4,0.9,.396
Damian Lillard,PG,27,73,73,36.6,8.5,19.4,.439,3.1,8.6,.361,5.4,10.8,.501
Jeremy Lin,PG,29,1,1,25.0,5.0,12.0,.417,1.0,2.0,.500,4.0,10.0,.400
Shaun Livingston,PG,32,71,7,15.9,2.4,4.8,.501,0.0,0.1,.000,2.4,4.8,.509
Kevon Looney,C,21,66,4,13.8,1.7,2.9,.580,0.0,0.1,.200,1.7,2.8,.590
Brook Lopez,C,29,74,72,23.4,5.0,10.7,.465,1.5,4.4,.345,3.5,6.3,.549
Robin Lopez,C,29,64,64,26.4,5.3,10.1,.530,0.1,0.2,.286,5.3,9.9,.536
Kevin Love,C,29,59,59,28.0,5.7,12.4,.458,2.3,5.6,.415,3.3,6.8,.494
Kyle Lowry,PG,31,78,78,32.2,5.2,12.1,.427,3.1,7.6,.399,2.1,4.5,.474
Timothe Luwawu-Cabarrot,SF,22,52,7,15.5,1.9,5.1,.375,1.0,3.0,.335,0.9,2.1,.431
Tyler Lydon,PF,21,1,0,2.0,0.0,0.0,,0.0,0.0,,0.0,0.0,
Trey Lyles,PF,22,73,2,19.1,3.7,7.5,.491,1.1,3.0,.381,2.6,4.5,.563
Shelvin Mack,PG,27,69,3,19.8,2.6,6.0,.430,0.7,2.0,.345,1.9,4.0,.473
Josh Magette,PG,28,18,0,12.0,0.8,2.6,.326,0.4,1.2,.364,0.4,1.3,.292
Ian Mahinmi,C,31,77,0,14.9,1.8,3.2,.556,0.0,0.0,.000,1.8,3.2,.561
Thon Maker,C,20,74,12,16.7,1.8,4.3,.411,0.4,1.4,.298,1.3,2.9,.467
Boban Marjanovic,C,29,39,1,8.6,2.0,3.8,.534,0.0,0.0,,2.0,3.8,.534
Lauri Markkanen,PF,20,68,68,29.7,5.5,12.7,.434,2.1,5.9,.362,3.4,6.8,.497
Jarell Martin,PF,23,73,36,22.8,3.0,6.8,.446,0.5,1.3,.347,2.6,5.5,.470
Frank Mason,PG,23,52,2,18.9,2.8,7.3,.379,0.6,1.7,.360,2.2,5.7,.384
Mangok Mathiang,C,25,4,0,5.0,1.0,1.8,.571,0.0,0.0,,1.0,1.8,.571
Wesley Matthews,SF,31,63,62,33.8,4.5,11.1,.406,2.4,6.4,.381,2.1,4.7,.441
Luc Mbah a Moute,PF,31,61,15,25.6,2.7,5.7,.481,1.0,2.8,.364,1.7,2.8,.599
James Michael McAdoo,PF,25,3,0,6.0,0.7,2.3,.286,0.7,2.3,.286,0.0,0.0,
Patrick McCaw,SG,22,57,10,16.9,1.6,3.9,.409,0.3,1.4,.238,1.3,2.5,.503
CJ McCollum,SG,26,81,81,36.1,8.2,18.6,.443,2.3,5.9,.397,5.9,12.7,.465
T.J. McConnell,PG,25,76,1,22.4,2.8,5.5,.499,0.4,0.8,.435,2.4,4.7,.510
Erik McCree,SF,24,4,0,2.0,0.0,0.5,.000,0.0,0.3,.000,0.0,0.3,.000
Chris McCullough,PF,22,19,0,4.7,0.9,2.2,.429,0.1,0.4,.125,0.9,1.8,.500
Doug McDermott,SF,26,81,4,21.8,2.9,6.3,.467,1.1,2.7,.426,1.8,3.6,.497
JaVale McGee,C,30,65,17,9.5,2.1,3.4,.621,0.0,0.1,.000,2.1,3.3,.638
Rodney McGruder,SG,26,18,2,16.6,2.0,4.1,.493,0.8,1.9,.429,1.2,2.1,.553
Trey McKinney-Jones,SG,27,1,0,1.0,0.0,0.0,,0.0,0.0,,0.0,0.0,
Alfonzo McKinnie,SF,25,14,0,3.8,0.6,1.1,.533,0.2,0.6,.333,0.4,0.4,.833
Ben McLemore,SG,24,56,17,19.5,2.8,6.7,.421,1.0,2.8,.346,1.8,3.8,.477
Josh McRoberts,PF,30,2,0,3.0,0.0,0.5,.000,0.0,0.5,.000,0.0,0.0,
Jodie Meeks,SG,30,77,0,14.5,2.0,5.1,.399,0.9,2.7,.343,1.1,2.4,.464
Salah Mejri,C,31,61,1,12.0,1.4,2.2,.642,0.0,0.0,.000,1.4,2.2,.657
Jordan Mickey,PF,23,23,3,12.3,1.7,3.6,.476,0.1,0.7,.125,1.6,2.9,.561
Khris Middleton,SF,26,82,82,36.4,7.2,15.5,.466,1.8,5.0,.359,5.5,10.5,.517
C.J. Miles,SF,30,70,3,19.1,3.2,8.6,.379,2.3,6.5,.361,0.9,2.1,.434
Darius Miller,SF,27,82,3,23.7,2.6,5.9,.444,1.8,4.4,.411,0.8,1.6,.535
Malcolm Miller,SF,24,15,4,8.4,0.9,1.9,.464,0.5,1.4,.381,0.3,0.5,.714
Patty Mills,PG,29,82,36,25.7,3.4,8.3,.411,1.9,5.0,.372,1.5,3.3,.470
Paul Millsap,PF,32,38,37,30.1,5.3,11.4,.464,1.0,3.0,.345,4.3,8.5,.506
Nikola Mirotic,PF,26,55,14,27.2,5.6,12.4,.447,2.5,6.5,.377,3.1,5.9,.525
Donovan Mitchell,SG,21,79,71,33.4,7.5,17.2,.437,2.4,7.0,.340,5.2,10.3,.502
Naz Mitrou-Long,SG,24,1,0,1.0,1.0,1.0,1.000,1.0,1.0,1.000,0.0,0.0,
Malik Monk,SG,19,63,0,13.6,2.4,6.7,.360,1.3,3.9,.342,1.1,2.9,.385
Greg Monroe,C,27,51,14,20.4,4.3,7.6,.565,0.0,0.0,,4.3,7.6,.565
Luis Montero,SG,24,2,0,4.0,0.0,0.5,.000,0.0,0.0,,0.0,0.5,.000
Ben Moore,PF,22,2,0,4.5,0.0,0.0,,0.0,0.0,,0.0,0.0,
E'Twaun Moore,SG,28,82,80,31.5,5.2,10.1,.508,1.6,3.7,.425,3.6,6.5,.556
Eric Moreland,PF,26,67,3,12.0,1.0,1.8,.541,0.0,0.0,,1.0,1.8,.541
Jaylen Morris,SG,22,6,0,16.3,2.2,5.3,.406,0.3,1.7,.200,1.8,3.7,.500
Marcus Morris,PF,28,54,21,26.8,4.9,11.3,.429,1.6,4.3,.368,3.3,7.0,.467
Markieff Morris,PF,28,73,73,27.0,4.5,9.4,.480,1.0,2.8,.367,3.5,6.6,.529
Monte Morris,PG,22,3,0,8.3,1.3,2.0,.667,0.0,0.3,.000,1.3,1.7,.800
Johnathan Motley,PF,22,11,4,16.0,3.6,6.8,.533,0.1,0.5,.167,3.5,6.3,.565
Timofey Mozgov,C,31,31,13,11.6,1.7,3.0,.559,0.1,0.6,.222,1.5,2.4,.640
Emmanuel Mudiay,PG,21,64,14,19.5,3.2,8.2,.388,0.7,2.3,.318,2.5,5.9,.415
Shabazz Muhammad,SF,25,43,2,9.7,2.0,4.4,.447,0.2,0.6,.259,1.8,3.7,.478
Xavier Munford,SG,25,6,0,3.5,0.2,1.0,.167,0.0,0.3,.000,0.2,0.7,.250
Dejounte Murray,PG,21,81,48,21.5,3.3,7.5,.443,0.1,0.4,.265,3.2,7.1,.454
Jamal Murray,PG,20,81,80,31.7,5.9,13.1,.451,2.0,5.4,.378,3.9,7.7,.502
Mike Muscala,C,26,53,7,20.0,2.7,5.9,.458,1.2,3.2,.371,1.5,2.7,.559
Abdel Nader,SF,24,48,1,10.9,1.0,3.1,.336,0.5,1.4,.354,0.6,1.8,.321
Larry Nance,C,25,66,27,21.5,3.6,6.3,.581,0.0,0.2,.167,3.6,6.1,.594
Shabazz Napier,PG,26,74,10,20.7,3.0,7.2,.420,1.1,2.9,.376,1.9,4.2,.450
Jameer Nelson,PG,35,50,0,20.3,1.9,4.9,.389,0.8,2.5,.331,1.1,2.4,.450
Raul Neto,PG,25,41,0,12.1,1.7,3.7,.457,0.5,1.1,.404,1.2,2.5,.481
Georges Niang,PF,24,9,0,3.6,0.4,1.2,.364,0.0,0.4,.000,0.4,0.8,.571
Joakim Noah,C,32,7,0,5.7,0.7,1.4,.500,0.0,0.0,,0.7,1.4,.500
Nerlens Noel,C,23,30,6,15.7,1.8,3.5,.524,0.0,0.0,.000,1.8,3.5,.529
Lucas Nogueira,C,25,49,3,8.5,1.0,1.6,.613,0.1,0.4,.263,0.9,1.2,.721
Dirk Nowitzki,C,39,77,77,24.7,4.5,9.8,.456,1.8,4.4,.409,2.7,5.5,.494
Frank Ntilikina,PG,19,78,9,21.9,2.3,6.4,.364,0.6,2.0,.318,1.7,4.4,.385
Jusuf Nurkic,C,23,79,79,26.4,6.1,12.0,.505,0.0,0.1,.000,6.1,11.9,.508
David Nwaba,SG,25,70,21,23.5,2.9,6.0,.478,0.3,0.7,.346,2.6,5.3,.496
Johnny O'Bryant,PF,24,36,0,10.5,1.9,4.8,.398,0.4,1.2,.326,1.5,3.6,.422
Royce O'Neale,SF,24,69,4,16.7,1.7,4.1,.423,0.6,1.7,.356,1.1,2.4,.470
Kyle O'Quinn,C,27,77,10,18.0,2.9,5.0,.583,0.1,0.2,.235,2.9,4.8,.599
Semi Ojeleye,PF,23,73,0,15.8,0.9,2.6,.346,0.5,1.7,.320,0.3,0.9,.397
Emeka Okafor,C,35,26,19,13.6,1.8,3.7,.505,0.0,0.0,,1.8,3.7,.505
Jahlil Okafor,C,22,28,0,12.6,2.8,4.9,.558,0.0,0.1,.250,2.7,4.8,.567
Victor Oladipo,SG,25,75,75,34.0,8.5,17.9,.477,2.1,5.8,.371,6.4,12.1,.528
Kelly Olynyk,PF,26,76,22,23.4,4.2,8.4,.497,1.4,3.7,.379,2.8,4.7,.590
Chinanu Onuaku,C,21,1,0,22.0,2.0,5.0,.400,0.0,0.0,,2.0,5.0,.400
Cedi Osman,SF,22,61,12,11.0,1.5,3.0,.484,0.5,1.4,.368,1.0,1.6,.586
Kelly Oubre,SF,22,81,11,27.5,3.9,9.8,.403,1.6,4.6,.341,2.4,5.2,.456
Zaza Pachulia,C,33,69,57,14.1,2.2,3.8,.564,0.0,0.0,.000,2.2,3.8,.567
Marcus Paige,PG,24,5,0,5.6,0.8,2.8,.286,0.4,1.6,.250,0.4,1.2,.333
Georgios Papagiannis,C,20,17,0,7.2,1.1,2.5,.429,0.0,0.0,,1.1,2.5,.429
Jabari Parker,PF,22,31,3,24.0,5.2,10.7,.482,1.0,2.6,.383,4.2,8.1,.514
Tony Parker,PG,35,55,21,19.5,3.2,7.1,.459,0.2,0.7,.270,3.1,6.4,.479
Chandler Parsons,SF,29,36,8,19.2,3.0,6.5,.462,1.4,3.4,.421,1.6,3.1,.504
Patrick Patterson,PF,28,82,3,15.5,1.3,3.2,.398,0.8,2.1,.386,0.5,1.2,.421
Justin Patton,C,20,1,0,4.0,1.0,2.0,.500,0.0,0.0,,1.0,2.0,.500
Brandon Paul,SG,26,64,2,9.0,0.9,2.0,.433,0.2,0.8,.278,0.6,1.1,.548
Chris Paul,PG,32,58,58,31.8,6.3,13.8,.460,2.5,6.5,.380,3.8,7.2,.532
Adreian Payne,PF,26,5,0,8.6,1.4,2.0,.700,0.4,0.6,.667,1.0,1.4,.714
Cameron Payne,PG,23,25,14,23.3,3.5,8.6,.405,1.4,3.6,.385,2.1,5.0,.419
Elfrid Payton,PG,23,63,63,28.7,5.2,10.6,.493,0.5,1.5,.326,4.7,9.1,.520
Gary Payton,PG,25,23,6,9.6,1.3,3.2,.405,0.3,1.1,.240,1.0,2.1,.490
Kendrick Perkins,C,33,1,0,15.0,1.0,2.0,.500,0.0,0.0,,1.0,2.0,.500
London Perrantes,PG,23,14,0,4.7,0.1,0.9,.154,0.0,0.2,.000,0.1,0.7,.200
Alec Peters,PF,22,20,0,11.3,1.4,3.7,.378,0.9,2.9,.310,0.5,0.8,.625
Marshall Plumlee,C,25,8,0,6.5,0.1,0.4,.333,0.0,0.0,,0.1,0.4,.333
Mason Plumlee,C,27,74,26,19.4,3.0,5.0,.601,0.0,0.0,.000,3.0,5.0,.602
Miles Plumlee,C,29,55,35,16.7,1.9,3.3,.583,0.0,0.0,,1.9,3.3,.583
Jakob Poeltl,C,22,82,0,18.6,3.1,4.7,.659,0.0,0.0,.500,3.1,4.7,.660
Quincy Pondexter,SF,29,23,1,8.5,0.6,2.1,.286,0.1,1.0,.136,0.5,1.2,.407
Otto Porter,SF,24,77,77,31.6,5.8,11.5,.503,1.8,4.1,.441,4.0,7.4,.537
Bobby Portis,PF,22,73,4,22.5,5.2,11.1,.471,1.1,3.1,.359,4.1,8.1,.514
Kristaps Porzingis,PF,22,48,48,32.4,8.1,18.5,.439,1.9,4.8,.395,6.3,13.8,.454
Dwight Powell,C,26,79,25,21.2,3.2,5.4,.593,0.4,1.1,.333,2.9,4.4,.656
Norman Powell,SG,24,70,18,15.2,2.1,5.3,.401,0.8,2.7,.285,1.4,2.7,.516
Alex Poythress,PF,24,25,0,4.2,0.4,1.0,.423,0.2,0.4,.364,0.3,0.6,.467
Jacob Pullen,PG,28,3,0,2.0,0.3,0.7,.500,0.0,0.3,.000,0.3,0.3,1.000
Rodney Purvis,SG,23,16,2,18.1,2.2,6.7,.327,0.8,3.3,.250,1.4,3.4,.400
Zhou Qi,C,22,18,0,6.9,0.3,1.8,.188,0.1,1.1,.105,0.2,0.7,.308
Tim Quarterman,SG,23,3,0,4.3,0.3,1.0,.333,0.0,0.7,.000,0.3,0.3,1.000
Ivan Rabb,PF,20,36,5,14.3,2.4,4.2,.566,0.0,0.0,,2.4,4.2,.566
Julius Randle,C,23,82,49,26.7,6.1,11.0,.558,0.1,0.5,.222,6.0,10.5,.575
Zach Randolph,PF,36,59,57,25.6,6.1,12.9,.473,0.9,2.5,.347,5.3,10.4,.503
Xavier Rathan-Mayes,SG,23,5,0,23.6,2.4,8.4,.286,0.2,2.8,.071,2.2,5.6,.393
J.J. Redick,SG,33,70,70,30.2,5.8,12.6,.460,2.8,6.6,.420,3.0,6.0,.504
Davon Reed,SG,22,21,1,11.5,1.0,3.6,.289,0.5,1.8,.289,0.5,1.8,.289
Willie Reed,C,27,42,5,10.2,1.9,2.9,.669,0.0,0.0,.500,1.9,2.8,.672
Josh Richardson,SF,24,81,81,33.2,4.9,10.9,.451,1.6,4.1,.378,3.4,6.8,.495
Malachi Richardson,SG,22,26,4,12.5,1.2,3.5,.333,0.5,1.5,.300,0.7,1.9,.360
Austin Rivers,SG,25,61,59,33.7,5.6,13.2,.424,2.2,5.9,.378,3.4,7.3,.461
Andre Roberson,SG,26,39,39,26.6,2.2,4.2,.537,0.2,0.9,.222,2.0,3.2,.627
Devin Robinson,SF,22,1,0,13.0,1.0,3.0,.333,0.0,0.0,,1.0,3.0,.333
Glenn Robinson,SF,24,23,1,14.7,1.6,3.7,.424,0.6,1.5,.412,1.0,2.2,.431
Rajon Rondo,PG,31,65,63,26.2,3.6,7.6,.468,0.8,2.3,.333,2.8,5.3,.526
Derrick Rose,PG,29,25,7,16.8,3.2,7.4,.435,0.3,1.2,.233,3.0,6.2,.474
Terrence Ross,SG,26,24,20,25.0,3.2,8.0,.398,1.3,3.9,.323,1.9,4.1,.469
Terry Rozier,PG,23,80,16,25.9,4.0,10.0,.395,1.9,5.0,.381,2.0,5.0,.410
Ricky Rubio,PG,27,77,77,29.3,4.5,10.7,.418,1.2,3.5,.352,3.2,7.2,.451
D'Angelo Russell,PG,21,48,35,25.7,5.8,14.0,.414,1.9,5.8,.324,3.9,8.2,.477
Domantas Sabonis,C,21,74,19,24.5,4.6,8.9,.514,0.2,0.5,.351,4.4,8.4,.524
JaKarr Sampson,SF,24,22,6,15.6,2.0,3.7,.543,0.2,0.5,.500,1.8,3.2,.549
Dario Saric,PF,23,78,73,29.6,5.2,11.4,.453,2.0,5.1,.393,3.2,6.3,.501
Tomas Satoransky,SG,26,73,30,22.5,2.8,5.3,.523,0.6,1.4,.465,2.1,3.9,.544
Dennis Schroder,PG,24,67,67,31.0,7.5,17.1,.436,1.1,3.9,.290,6.3,13.2,.480
Mike Scott,PF,29,76,1,18.5,3.6,6.9,.527,0.9,2.1,.405,2.8,4.8,.582
Thabo Sefolosha,SF,33,38,6,21.2,3.1,6.3,.492,0.8,2.2,.381,2.3,4.1,.551
Wayne Selden,SG,23,35,9,19.8,3.3,7.7,.431,1.4,3.5,.402,1.9,4.2,.456
Ramon Sessions,PG,31,28,3,14.0,1.5,4.2,.359,0.3,0.9,.308,1.2,3.3,.374
Iman Shumpert,SG,27,14,6,19.7,1.6,4.1,.379,0.5,1.9,.269,1.1,2.3,.469
Pascal Siakam,PF,23,81,5,20.7,3.1,6.1,.508,0.4,1.6,.220,2.8,4.5,.612
Xavier Silas,SG,30,2,0,3.5,0.0,1.5,.000,0.0,1.0,.000,0.0,0.5,.000
Ben Simmons,PG,21,81,81,33.7,6.7,12.3,.545,0.0,0.1,.000,6.7,12.2,.551
Jonathon Simmons,SG,28,69,50,29.4,5.1,11.0,.465,1.0,3.0,.338,4.1,8.1,.512
Kobi Simmons,PG,20,32,12,20.1,2.5,5.9,.423,0.3,1.2,.282,2.2,4.7,.460
Kyle Singler,SF,29,12,0,4.9,0.6,1.8,.333,0.2,0.4,.400,0.4,1.3,.313
Marcus Smart,SG,23,54,11,29.9,3.5,9.5,.367,1.4,4.6,.301,2.1,4.9,.429
Dennis Smith,PG,20,69,69,29.7,5.9,14.8,.395,1.5,4.9,.313,4.3,9.9,.435
Ish Smith,PG,29,82,35,24.9,4.7,9.8,.486,0.4,1.2,.347,4.3,8.5,.506
J.R. Smith,SG,32,80,61,28.1,3.0,7.4,.403,1.8,4.8,.375,1.2,2.7,.453
Jason Smith,C,31,33,2,8.6,1.4,3.5,.391,0.1,1.0,.125,1.2,2.5,.494
Josh Smith,PF,32,3,0,4.0,0.3,1.3,.250,0.0,0.0,,0.3,1.3,.250
Tony Snell,SG,26,75,59,27.4,2.5,5.7,.435,1.4,3.6,.403,1.0,2.1,.490
Marreese Speights,C,30,52,3,13.0,2.7,6.7,.395,1.7,4.5,.369,1.0,2.2,.448
Nik Stauskas,SG,24,41,0,12.8,1.5,3.8,.390,1.0,2.4,.400,0.5,1.3,.370
Lance Stephenson,SG,27,82,7,22.6,3.7,8.6,.427,0.8,2.8,.289,2.9,5.8,.495
David Stockton,PG,26,3,0,3.0,0.7,1.0,.667,0.7,1.0,.667,0.0,0.0,
Julyan Stone,SG,29,23,0,7.6,0.3,0.6,.462,0.3,0.6,.462,0.0,0.0,
Edmond Sumner,PG,22,1,0,2.0,1.0,1.0,1.000,0.0,0.0,,1.0,1.0,1.000
Caleb Swanigan,PF,20,27,3,7.0,0.9,2.2,.400,0.0,0.3,.125,0.9,1.9,.442
Jayson Tatum,SF,19,80,80,30.5,5.0,10.4,.475,1.3,3.0,.434,3.7,7.4,.492
Isaiah Taylor,PG,23,67,9,17.4,2.4,5.8,.418,0.3,1.2,.250,2.1,4.6,.461
Jeff Teague,PG,29,70,70,33.0,5.1,11.3,.446,1.2,3.3,.368,3.9,8.1,.477
Marquis Teague,PG,24,3,0,24.7,1.3,5.3,.250,0.3,1.3,.250,1.0,4.0,.250
Mirza Teletovic,PF,32,10,0,15.9,2.5,5.7,.439,2.1,4.5,.467,0.4,1.2,.333
Garrett Temple,SG,31,65,35,24.8,3.1,7.3,.418,1.4,3.5,.392,1.7,3.8,.442
Milos Teodosic,PG,30,45,36,25.2,3.4,8.0,.419,2.0,5.2,.379,1.4,2.8,.492
Jason Terry,SG,40,51,4,16.0,1.2,3.0,.383,0.8,2.3,.348,0.4,0.8,.487
Daniel Theis,C,25,63,3,14.9,2.0,3.7,.541,0.3,0.9,.310,1.7,2.8,.617
Isaiah Thomas,PG,28,32,15,26.9,4.9,13.2,.373,1.7,5.9,.293,3.2,7.3,.438
Lance Thomas,PF,29,73,31,18.5,1.4,3.7,.382,0.7,1.7,.403,0.7,2.0,.364
Klay Thompson,SG,27,73,73,34.3,7.9,16.2,.488,3.1,7.1,.440,4.7,9.0,.526
Tristan Thompson,C,26,53,22,20.2,2.5,4.4,.562,0.0,0.0,,2.5,4.4,.562
Sindarius Thornwell,SG,23,73,17,15.8,1.4,3.2,.429,0.3,0.8,.377,1.1,2.4,.448
Anthony Tolliver,PF,32,79,14,22.2,2.8,6.0,.464,2.0,4.6,.436,0.8,1.4,.561
Karl-Anthony Towns,C,22,82,82,35.6,7.8,14.3,.545,1.5,3.5,.421,6.3,10.8,.585
P.J. Tucker,PF,32,82,34,27.8,2.1,5.4,.390,1.4,3.8,.371,0.7,1.6,.435
Evan Turner,SF,29,79,40,25.7,3.3,7.3,.447,0.5,1.7,.318,2.7,5.6,.485
Myles Turner,C,21,65,62,28.2,4.7,9.8,.479,0.9,2.4,.357,3.8,7.4,.519
Ekpe Udoh,C,30,63,3,12.9,1.0,1.9,.500,0.0,0.0,.000,1.0,1.9,.504
Tyler Ulis,PG,22,71,43,23.4,3.0,7.8,.388,0.6,2.1,.288,2.4,5.7,.425
Jonas Valanciunas,C,25,77,77,22.4,5.1,8.9,.568,0.4,1.0,.405,4.7,8.0,.587
Denzel Valentine,SG,24,77,37,27.2,3.9,9.4,.417,1.9,4.8,.386,2.1,4.6,.450
Fred VanVleet,PG,23,76,0,20.0,3.1,7.2,.426,1.4,3.4,.414,1.6,3.7,.437
Rashad Vaughn,SG,21,28,0,7.6,0.8,2.0,.411,0.5,1.3,.378,0.3,0.7,.474
Noah Vonleh,PF,22,54,16,16.2,1.9,4.3,.444,0.4,1.2,.303,1.6,3.1,.500
Nikola Vucevic,C,27,57,57,29.5,7.0,14.7,.475,1.1,3.6,.314,5.9,11.2,.527
Dwyane Wade,SG,36,67,3,22.9,4.5,10.2,.438,0.5,1.7,.288,4.0,8.5,.468
Dion Waiters,SG,26,30,30,30.6,5.4,13.7,.398,1.7,5.7,.306,3.7,8.0,.463
Kemba Walker,PG,27,80,80,34.2,7.4,17.0,.431,2.9,7.5,.384,4.5,9.5,.469
John Wall,PG,27,41,41,34.4,6.8,16.3,.420,1.5,4.1,.371,5.3,12.2,.436
Tyrone Wallace,PG,23,30,19,28.4,3.7,8.2,.445,0.3,1.3,.250,3.3,6.9,.483
Taurean Waller-Prince,SF,23,82,82,30.0,5.1,11.9,.426,2.1,5.6,.385,2.9,6.3,.461
Derrick Walton,PG,22,16,0,9.2,0.5,1.6,.320,0.4,1.1,.412,0.1,0.5,.125
Jameel Warney,PF,24,3,0,9.0,2.3,4.0,.583,0.0,0.0,,2.3,4.0,.583
T.J. Warren,SF,24,65,65,33.0,8.1,16.4,.498,0.3,1.4,.222,7.8,15.0,.523
Travis Wear,SF,27,17,0,13.4,1.5,4.2,.347,1.0,2.8,.362,0.5,1.5,.320
James Webb,SF,24,10,0,12.0,0.6,2.4,.250,0.4,1.9,.211,0.2,0.5,.400
Briante Weber,PG,25,18,0,13.2,1.1,2.4,.442,0.2,0.6,.364,0.8,1.8,.469
David West,C,37,73,0,13.7,3.0,5.2,.571,0.0,0.1,.375,2.9,5.1,.576
Russell Westbrook,PG,29,80,80,36.4,9.5,21.1,.449,1.2,4.1,.298,8.3,17.0,.485
Andrew White,SF,24,15,0,13.9,1.7,4.9,.342,1.2,3.3,.367,0.5,1.6,.292
Derrick White,PG,23,17,0,8.2,0.9,1.9,.485,0.5,0.8,.615,0.5,1.2,.400
Okaro White,PF,25,6,4,13.3,1.2,2.7,.438,0.7,1.8,.364,0.5,0.8,.600
Isaiah Whitehead,PG,22,16,0,11.3,2.5,5.4,.465,0.4,1.1,.389,2.1,4.3,.485
Hassan Whiteside,C,28,54,54,25.3,5.8,10.7,.540,0.0,0.0,1.000,5.7,10.7,.538
Andrew Wiggins,SF,22,82,82,36.3,6.9,15.9,.438,1.4,4.1,.331,5.6,11.7,.475
Jacob Wiley,PF,23,5,0,6.6,0.2,0.8,.250,0.2,0.4,.500,0.0,0.4,.000
Damien Wilkins,SF,38,19,1,8.0,0.7,2.1,.333,0.2,0.9,.222,0.5,1.1,.429
Alan Williams,PF,25,5,0,14.0,1.4,3.6,.389,0.0,0.0,,1.4,3.6,.389
C.J. Williams,SG,27,38,17,18.6,2.3,5.2,.442,0.6,2.1,.282,1.7,3.1,.546
Derrick Williams,PF,26,2,0,4.5,0.5,2.0,.250,0.0,1.0,.000,0.5,1.0,.500
Lou Williams,SG,31,79,19,32.8,7.4,16.9,.435,2.4,6.6,.359,5.0,10.4,.484
Marvin Williams,PF,31,78,78,25.7,3.3,7.2,.458,1.6,3.9,.413,1.7,3.3,.512
Matt Williams,SG,24,3,0,3.7,0.7,2.0,.333,0.3,1.7,.200,0.3,0.3,1.000
Troy Williams,SF,23,21,1,14.6,2.4,5.2,.468,0.5,1.8,.289,1.9,3.4,.563
D.J. Wilson,PF,21,22,0,3.2,0.4,0.7,.563,0.1,0.2,.400,0.3,0.5,.636
Jamil Wilson,SF,27,15,10,18.3,2.5,5.4,.469,1.8,4.2,.429,0.7,1.2,.611
Justise Winslow,PF,21,68,25,24.7,3.0,7.2,.424,0.7,1.9,.380,2.3,5.3,.440
Jeff Withey,C,27,9,0,4.3,0.7,1.8,.375,0.2,1.1,.200,0.4,0.7,.667
Nate Wolters,PG,26,5,0,3.8,0.2,1.2,.167,0.0,0.0,,0.2,1.2,.167
Brandan Wright,PF,30,28,1,13.6,2.1,3.6,.578,0.0,0.0,,2.1,3.6,.578
Delon Wright,PG,25,69,4,20.8,2.9,6.3,.465,0.8,2.2,.366,2.1,4.0,.520
Guerschon Yabusele,PF,22,33,4,7.1,0.8,1.8,.426,0.4,1.1,.324,0.4,0.7,.583
James Young,SG,22,6,0,10.2,0.8,2.3,.357,0.5,1.7,.300,0.3,0.7,.500
Joe Young,PG,25,53,1,10.5,1.5,3.5,.430,0.5,1.2,.379,1.0,2.3,.458
Nick Young,SG,32,80,8,17.4,2.5,6.1,.412,1.5,4.1,.377,1.0,2.0,.481
Thaddeus Young,PF,29,81,81,32.2,5.2,10.7,.487,0.7,2.2,.320,4.5,8.4,.531
Cody Zeller,C,25,33,0,19.0,2.6,4.7,.545,0.1,0.1,.667,2.5,4.6,.542
Tyler Zeller,C,28,66,34,16.8,2.8,5.1,.560,0.2,0.4,.357,2.7,4.6,.578
Paul Zipser,SF,23,54,12,15.3,1.5,4.3,.346,0.7,2.0,.336,0.8,2.3,.355
Ante Zizic,C,21,32,2,6.7,1.5,2.1,.731,0.0,0.0,,1.5,2.1,.731
Ivica Zubac,C,20,43,0,9.5,1.4,2.8,.500,0.0,0.0,.000,1.4,2.8,.504
